{"cameraMode":{"drawMode":0,"name":"Shaded","section":"Shading Mode"},"sceneLighting":false,"audioPlay":false,"sceneViewState":{"m_AlwaysRefresh":false,"showFog":false,"showSkybox":false,"showFlares":false,"showImageEffects":false,"showParticleSystems":false,"showVisualEffectGraphs":true,"m_FxEnabled":true},"in2DMode":false,"pivot":{"x":-0.10406266152858734,"y":-0.050787486135959628,"z":-1.449777364730835},"rotation":{"x":-0.000529787503182888,"y":0.9988638162612915,"z":-0.0377986766397953,"w":-0.02695525996387005},"size":0.8660253882408142,"orthographic":false}